{"train_loss": 3.787109375, "_timestamp": 1713073899.4970572, "_runtime": 110.49171328544617, "_step": 10, "_wandb": {"runtime": 115}}