{"train_loss": 1.5888671875, "_timestamp": 1713606318.7194982, "_runtime": 8826.900655269623, "_step": 3515, "test_loss": 1.5171875, "bleu": 0.08684151429425017, "rouge_1_f1": 0.3094401236890341, "meteor": 0.2915180259435215, "_wandb": {"runtime": 8826}}