{"train_loss": 3.787109375, "_timestamp": 1713074210.193194, "_runtime": 109.68249797821045, "_step": 10, "_wandb": {"runtime": 115}}