{"train_loss": 3.369140625, "_timestamp": 1712978700.6101727, "_runtime": 22.84512972831726, "_step": 10, "_wandb": {"runtime": 69}}