{"train_loss": 7.74609375, "_timestamp": 1713069507.1000233, "_runtime": 94.93018817901611, "_step": 1, "_wandb": {"runtime": 95}}