{"train_loss": 7.74609375, "_timestamp": 1713069352.886365, "_runtime": 93.34986901283264, "_step": 1, "_wandb": {"runtime": 93}}