{"train_loss": 3.369140625, "_timestamp": 1713066874.3428695, "_runtime": 111.48124861717224, "_step": 11, "test_loss": 3.08984375, "bleu": 0.0, "rouge_1_f1": 0.21323529411764702, "meteor": 0.12682469526588566, "_wandb": {"runtime": 236}}