{"train_loss": 4.7109375, "_timestamp": 1713595548.01381, "_runtime": 544.121738910675, "_step": 32, "test_loss": 4.4806640625, "bleu": 0.022653586115477065, "rouge_1_f1": 0.26558084556130135, "meteor": 0.15418220147871858, "_wandb": {"runtime": 543}}