{"train_loss": 3.369140625, "_timestamp": 1713069210.5051038, "_runtime": 107.2751088142395, "_step": 10, "_wandb": {"runtime": 112}}