{"train_loss": 1.1875, "_timestamp": 1713062588.0178723, "_runtime": 1110.3052532672882, "_step": 584, "_wandb": {"runtime": 1109}}