{"train_loss": 3.369140625, "_timestamp": 1713068809.9310222, "_runtime": 110.07928323745728, "_step": 10, "_wandb": {"runtime": 110}}