{"train_loss": 3.369140625, "_timestamp": 1713068966.3144321, "_runtime": 108.85812211036682, "_step": 10, "_wandb": {"runtime": 109}}