{"train_loss": 0.9833984375, "_timestamp": 1713005975.9418683, "_runtime": 11710.623361349106, "_step": 5859, "test_loss": 1.66923828125, "bleu": 0.02632704110657972, "rouge_1_f1": 0.247227397086573, "meteor": 0.14482957704658847, "_wandb": {"runtime": 11710}}