{"train_loss": 1.5703125, "_timestamp": 1713349702.6245809, "_runtime": 7432.344676971436, "_step": 2929, "test_loss": 1.45234375, "bleu": 0.08475966295308003, "rouge_1_f1": 0.3178619112487031, "meteor": 0.30028314340202117, "_wandb": {"runtime": 7704}}