{"train_loss": 5.0703125, "_timestamp": 1713596654.773418, "_runtime": 823.683219909668, "_step": 24, "test_loss": 4.8396484375, "bleu": 0.020154248268751018, "rouge_1_f1": 0.22522775643254261, "meteor": 0.13104201615207742, "_wandb": {"runtime": 823}}