{"train_loss": 1.5458984375, "_timestamp": 1712991493.617085, "_runtime": 748.406042098999, "_step": 119, "test_loss": 1.54990234375, "bleu": 0.019945025502440285, "rouge_1_f1": 0.24651043816061333, "meteor": 0.1526255788083402, "_wandb": {"runtime": 746}}