{"train_loss": 3.369140625, "_timestamp": 1713066622.8216667, "_runtime": 22.21473264694214, "_step": 10, "_wandb": {"runtime": 34}}