{"train_loss": 3.369140625, "_timestamp": 1713068321.7193942, "_runtime": 108.35192728042603, "_step": 10, "_wandb": {"runtime": 113}}